index,label
0,entailment
1,entailment
2,neutral
3,entailment
4,neutral
5,neutral
6,neutral
7,entailment
8,entailment
9,neutral
10,entailment
11,neutral
12,contradiction
13,entailment
14,entailment
15,neutral
16,contradiction
17,entailment
18,entailment
19,contradiction
20,neutral
21,entailment
22,contradiction
23,contradiction
24,contradiction
25,contradiction
26,contradiction
27,contradiction
28,entailment
29,neutral
30,neutral
31,entailment
32,contradiction
33,neutral
34,entailment
35,neutral
36,neutral
37,entailment
38,neutral
39,contradiction
40,neutral
41,neutral
42,neutral
43,neutral
44,neutral
45,contradiction
46,neutral
47,neutral
48,entailment
49,neutral
50,neutral
51,neutral
52,neutral
53,contradiction
54,entailment
55,contradiction
56,contradiction
57,neutral
58,neutral
59,entailment
60,neutral
61,contradiction
62,neutral
63,neutral
64,entailment
65,contradiction
66,entailment
67,entailment
68,contradiction
69,contradiction
70,neutral
71,entailment
72,neutral
73,contradiction
74,contradiction
75,entailment
76,contradiction
77,entailment
78,contradiction
79,contradiction
80,neutral
81,neutral
82,entailment
83,entailment
84,contradiction
85,entailment
86,entailment
87,contradiction
88,entailment
89,contradiction
90,entailment
91,entailment
92,contradiction
93,neutral
94,neutral
95,contradiction
96,neutral
97,contradiction
98,entailment
99,neutral
100,contradiction
101,entailment
102,contradiction
103,neutral
104,entailment
105,neutral
106,contradiction
107,neutral
108,contradiction
109,contradiction
110,contradiction
111,contradiction
112,contradiction
113,contradiction
114,contradiction
115,entailment
116,contradiction
117,entailment
118,contradiction
119,neutral
120,neutral
121,neutral
122,neutral
123,entailment
124,contradiction
125,contradiction
126,contradiction
127,contradiction
128,contradiction
129,entailment
130,entailment
131,contradiction
132,entailment
133,entailment
134,entailment
135,entailment
136,entailment
137,entailment
138,entailment
139,contradiction
140,contradiction
141,contradiction
142,entailment
143,contradiction
144,entailment
145,contradiction
146,neutral
147,entailment
148,neutral
149,entailment
150,entailment
151,contradiction
152,entailment
153,contradiction
154,contradiction
155,neutral
156,contradiction
157,neutral
158,entailment
159,contradiction
160,neutral
161,entailment
162,contradiction
163,contradiction
164,entailment
165,entailment
166,entailment
167,neutral
168,entailment
169,entailment
170,neutral
171,neutral
172,neutral
173,contradiction
174,neutral
175,contradiction
176,contradiction
177,entailment
178,contradiction
179,neutral
180,neutral
181,contradiction
182,contradiction
183,contradiction
184,contradiction
185,neutral
186,neutral
187,neutral
188,contradiction
189,contradiction
190,neutral
191,neutral
192,contradiction
193,contradiction
194,entailment
195,entailment
196,entailment
197,contradiction
198,entailment
199,entailment
200,contradiction
201,neutral
202,entailment
203,contradiction
204,neutral
205,contradiction
206,neutral
207,neutral
208,entailment
209,neutral
210,neutral
211,neutral
212,entailment
213,contradiction
214,neutral
215,contradiction
216,contradiction
217,entailment
218,contradiction
219,entailment
220,contradiction
221,contradiction
222,contradiction
223,entailment
224,entailment
225,neutral
226,neutral
227,neutral
228,neutral
229,neutral
230,entailment
231,neutral
232,contradiction
233,entailment
234,neutral
235,contradiction
236,entailment
237,entailment
238,entailment
239,entailment
240,contradiction
241,entailment
242,entailment
243,entailment
244,entailment
245,contradiction
246,entailment
247,entailment
248,entailment
249,contradiction
250,entailment
251,neutral
252,entailment
253,neutral
254,entailment
255,contradiction
256,neutral
257,entailment
258,entailment
259,neutral
260,neutral
261,entailment
262,neutral
263,neutral
264,contradiction
265,entailment
266,entailment
267,neutral
268,contradiction
269,neutral
270,entailment
271,contradiction
272,contradiction
273,neutral
274,neutral
275,entailment
276,entailment
277,contradiction
278,contradiction
279,entailment
280,contradiction
281,contradiction
282,contradiction
283,entailment
284,entailment
285,neutral
286,entailment
287,contradiction
288,neutral
289,contradiction
290,entailment
291,contradiction
292,neutral
293,neutral
294,contradiction
295,contradiction
296,contradiction
297,contradiction
298,contradiction
299,entailment
300,neutral
301,neutral
302,contradiction
303,entailment
304,contradiction
305,entailment
306,entailment
307,neutral
308,neutral
309,entailment
310,entailment
311,neutral
312,contradiction
313,contradiction
314,neutral
315,neutral
316,contradiction
317,entailment
318,entailment
319,contradiction
320,contradiction
321,neutral
322,neutral
323,contradiction
324,contradiction
325,neutral
326,contradiction
327,contradiction
328,contradiction
329,entailment
330,neutral
331,entailment
332,contradiction
333,neutral
334,contradiction
335,neutral
336,entailment
337,neutral
338,contradiction
339,neutral
340,entailment
341,neutral
342,contradiction
343,entailment
344,contradiction
345,contradiction
346,neutral
347,entailment
348,neutral
349,entailment
350,entailment
351,entailment
352,entailment
353,entailment
354,entailment
355,contradiction
356,contradiction
357,neutral
358,neutral
359,entailment
360,contradiction
361,contradiction
362,entailment
363,entailment
364,contradiction
365,contradiction
366,entailment
367,contradiction
368,entailment
369,neutral
370,entailment
371,entailment
372,neutral
373,entailment
374,neutral
375,entailment
376,neutral
377,neutral
378,neutral
379,entailment
380,contradiction
381,neutral
382,contradiction
383,contradiction
384,neutral
385,contradiction
386,neutral
387,entailment
388,neutral
389,contradiction
390,neutral
391,contradiction
392,entailment
393,neutral
394,entailment
395,entailment
396,contradiction
397,contradiction
398,neutral
399,entailment
400,contradiction
401,entailment
402,entailment
403,entailment
404,neutral
405,contradiction
406,neutral
407,contradiction
408,entailment
409,entailment
410,neutral
411,contradiction
412,contradiction
413,neutral
414,contradiction
415,entailment
416,neutral
417,entailment
418,contradiction
419,neutral
420,neutral
421,neutral
422,neutral
423,contradiction
424,contradiction
425,entailment
426,neutral
427,contradiction
428,entailment
429,contradiction
430,neutral
431,neutral
432,neutral
433,entailment
434,neutral
435,entailment
436,neutral
437,entailment
438,neutral
439,neutral
440,neutral
441,neutral
442,entailment
443,neutral
444,contradiction
445,contradiction
446,neutral
447,entailment
448,neutral
449,contradiction
450,neutral
451,entailment
452,contradiction
453,neutral
454,contradiction
455,contradiction
456,entailment
457,entailment
458,contradiction
459,contradiction
460,contradiction
461,entailment
462,entailment
463,entailment
464,entailment
465,neutral
466,entailment
467,neutral
468,contradiction
469,entailment
470,entailment
471,contradiction
472,neutral
473,entailment
474,neutral
475,entailment
476,entailment
477,entailment
478,entailment
479,entailment
480,neutral
481,entailment
482,entailment
483,neutral
484,neutral
485,entailment
486,entailment
487,neutral
488,contradiction
489,contradiction
490,neutral
491,entailment
492,contradiction
493,entailment
494,entailment
495,contradiction
496,contradiction
497,neutral
498,neutral
499,contradiction
500,contradiction
501,contradiction
502,contradiction
503,entailment
504,entailment
505,entailment
506,neutral
507,neutral
508,entailment
509,neutral
510,contradiction
511,contradiction
512,entailment
513,contradiction
514,contradiction
515,neutral
516,entailment
517,entailment
518,contradiction
519,contradiction
520,contradiction
521,entailment
522,neutral
523,entailment
524,neutral
525,entailment
526,contradiction
527,entailment
528,entailment
529,entailment
530,contradiction
531,entailment
532,contradiction
533,neutral
534,contradiction
535,contradiction
536,contradiction
537,entailment
538,contradiction
539,entailment
540,neutral
541,contradiction
542,contradiction
543,contradiction
544,contradiction
545,entailment
546,entailment
547,contradiction
548,contradiction
549,contradiction
550,contradiction
551,contradiction
552,contradiction
553,neutral
554,contradiction
555,neutral
556,neutral
557,contradiction
558,entailment
559,entailment
560,entailment
561,contradiction
562,contradiction
563,neutral
564,entailment
565,contradiction
566,contradiction
567,neutral
568,contradiction
569,neutral
570,entailment
571,entailment
572,entailment
573,entailment
574,contradiction
575,neutral
576,contradiction
577,entailment
578,entailment
579,entailment
580,contradiction
581,neutral
582,entailment
583,entailment
584,neutral
585,contradiction
586,entailment
587,contradiction
588,neutral
589,entailment
590,contradiction
591,neutral
592,entailment
593,contradiction
594,entailment
595,neutral
596,entailment
597,contradiction
598,contradiction
599,entailment
600,neutral
601,contradiction
602,contradiction
603,neutral
604,contradiction
605,entailment
606,entailment
607,entailment
608,neutral
609,neutral
610,neutral
611,neutral
612,contradiction
613,contradiction
614,entailment
615,entailment
616,contradiction
617,neutral
618,contradiction
619,entailment
620,contradiction
621,contradiction
622,neutral
623,contradiction
624,entailment
625,entailment
626,neutral
627,neutral
628,contradiction
629,contradiction
630,entailment
631,contradiction
632,entailment
633,entailment
634,neutral
635,neutral
636,entailment
637,entailment
638,contradiction
639,neutral
640,entailment
641,contradiction
642,neutral
643,contradiction
644,neutral
645,neutral
646,contradiction
647,neutral
648,entailment
649,neutral
650,neutral
651,entailment
652,neutral
653,neutral
654,entailment
655,contradiction
656,contradiction
657,neutral
658,contradiction
659,entailment
660,entailment
661,contradiction
662,entailment
663,neutral
664,contradiction
665,contradiction
666,contradiction
667,contradiction
668,entailment
669,contradiction
670,neutral
671,entailment
672,neutral
673,contradiction
674,neutral
675,contradiction
676,entailment
677,contradiction
678,entailment
679,entailment
680,neutral
681,neutral
682,entailment
683,entailment
684,contradiction
685,entailment
686,neutral
687,neutral
688,neutral
689,entailment
690,neutral
691,contradiction
692,neutral
693,contradiction
694,entailment
695,neutral
696,contradiction
697,contradiction
698,entailment
699,contradiction
700,contradiction
701,entailment
702,entailment
703,neutral
704,entailment
705,entailment
706,neutral
707,contradiction
708,contradiction
709,entailment
710,entailment
711,contradiction
712,neutral
713,contradiction
714,contradiction
715,contradiction
716,contradiction
717,entailment
718,neutral
719,neutral
720,contradiction
721,entailment
722,neutral
723,entailment
724,contradiction
725,contradiction
726,contradiction
727,contradiction
728,neutral
729,contradiction
730,entailment
731,entailment
732,contradiction
733,entailment
734,entailment
735,contradiction
736,contradiction
737,neutral
738,entailment
739,entailment
740,contradiction
741,contradiction
742,contradiction
743,neutral
744,contradiction
745,contradiction
746,contradiction
747,contradiction
748,contradiction
749,contradiction
750,contradiction
751,entailment
752,contradiction
753,neutral
754,contradiction
755,contradiction
756,neutral
757,entailment
758,contradiction
759,contradiction
760,entailment
761,neutral
762,entailment
763,entailment
764,neutral
765,entailment
766,entailment
767,neutral
768,entailment
769,neutral
770,contradiction
771,entailment
772,neutral
773,contradiction
774,contradiction
775,contradiction
776,contradiction
777,entailment
778,entailment
779,neutral
780,contradiction
781,entailment
782,contradiction
783,neutral
784,neutral
785,contradiction
786,entailment
787,contradiction
788,entailment
789,contradiction
790,entailment
791,contradiction
792,entailment
793,contradiction
794,contradiction
795,contradiction
796,entailment
797,contradiction
798,contradiction
799,neutral
800,contradiction
801,contradiction
802,neutral
803,contradiction
804,contradiction
805,entailment
806,entailment
807,contradiction
808,neutral
809,contradiction
810,contradiction
811,entailment
812,neutral
813,contradiction
814,entailment
815,contradiction
816,neutral
817,contradiction
818,neutral
819,contradiction
820,neutral
821,contradiction
822,contradiction
823,neutral
824,contradiction
825,entailment
826,neutral
827,entailment
828,neutral
829,contradiction
830,entailment
831,neutral
832,entailment
833,entailment
834,neutral
835,contradiction
836,contradiction
837,contradiction
838,contradiction
839,entailment
840,neutral
841,neutral
842,contradiction
843,contradiction
844,contradiction
845,neutral
846,entailment
847,entailment
848,contradiction
849,entailment
850,neutral
851,neutral
852,contradiction
853,neutral
854,contradiction
855,entailment
856,entailment
857,contradiction
858,neutral
859,contradiction
860,neutral
861,entailment
862,entailment
863,neutral
864,neutral
865,contradiction
866,entailment
867,neutral
868,neutral
869,neutral
870,contradiction
871,neutral
872,contradiction
873,entailment
874,contradiction
875,contradiction
876,contradiction
877,contradiction
878,entailment
879,contradiction
880,contradiction
881,neutral
882,neutral
883,entailment
884,contradiction
885,entailment
886,neutral
887,neutral
888,contradiction
889,contradiction
890,contradiction
891,neutral
892,entailment
893,contradiction
894,contradiction
895,entailment
896,neutral
897,contradiction
898,entailment
899,neutral
900,entailment
901,neutral
902,entailment
903,entailment
904,contradiction
905,entailment
906,neutral
907,contradiction
908,neutral
909,neutral
910,entailment
911,entailment
912,contradiction
913,entailment
914,entailment
915,entailment
916,contradiction
917,entailment
918,neutral
919,contradiction
920,entailment
921,entailment
922,neutral
923,contradiction
924,entailment
925,contradiction
926,neutral
927,contradiction
928,contradiction
929,entailment
930,contradiction
931,contradiction
932,entailment
933,entailment
934,neutral
935,contradiction
936,entailment
937,neutral
938,contradiction
939,contradiction
940,contradiction
941,neutral
942,entailment
943,contradiction
944,contradiction
945,neutral
946,entailment
947,neutral
948,contradiction
949,contradiction
950,neutral
951,entailment
952,entailment
953,neutral
954,contradiction
955,neutral
956,entailment
957,entailment
958,entailment
959,neutral
960,neutral
961,entailment
962,contradiction
963,contradiction
964,contradiction
965,neutral
966,contradiction
967,contradiction
968,entailment
969,entailment
970,contradiction
971,contradiction
972,contradiction
973,contradiction
974,entailment
975,neutral
976,entailment
977,entailment
978,contradiction
979,contradiction
980,entailment
981,contradiction
982,entailment
983,entailment
984,neutral
985,entailment
986,entailment
987,contradiction
988,neutral
989,entailment
990,neutral
991,contradiction
992,contradiction
993,neutral
994,entailment
995,contradiction
996,contradiction
997,neutral
998,entailment
999,entailment
1000,entailment
1001,neutral
1002,neutral
1003,neutral
1004,neutral
1005,neutral
1006,entailment
1007,entailment
1008,contradiction
1009,entailment
1010,entailment
1011,neutral
1012,contradiction
1013,contradiction
1014,neutral
1015,neutral
1016,neutral
1017,neutral
1018,entailment
1019,contradiction
1020,contradiction
1021,entailment
1022,neutral
1023,entailment
1024,neutral
1025,entailment
1026,contradiction
1027,contradiction
1028,neutral
1029,contradiction
1030,contradiction
1031,neutral
1032,contradiction
1033,contradiction
1034,contradiction
1035,neutral
1036,entailment
1037,neutral
1038,contradiction
1039,entailment
1040,entailment
1041,contradiction
1042,entailment
1043,contradiction
1044,contradiction
1045,neutral
1046,contradiction
1047,neutral
1048,entailment
1049,contradiction
1050,entailment
1051,entailment
1052,contradiction
1053,entailment
1054,contradiction
1055,contradiction
1056,neutral
1057,entailment
1058,neutral
1059,neutral
1060,entailment
1061,entailment
1062,neutral
1063,entailment
1064,entailment
1065,neutral
1066,neutral
1067,neutral
1068,contradiction
1069,neutral
1070,contradiction
1071,contradiction
1072,contradiction
1073,entailment
1074,neutral
1075,entailment
1076,entailment
1077,contradiction
1078,contradiction
1079,entailment
1080,entailment
1081,contradiction
1082,entailment
1083,neutral
1084,contradiction
1085,entailment
1086,entailment
1087,contradiction
1088,neutral
1089,neutral
1090,neutral
1091,contradiction
1092,neutral
1093,contradiction
1094,contradiction
1095,entailment
1096,entailment
1097,neutral
1098,contradiction
1099,entailment
1100,entailment
1101,entailment
1102,entailment
1103,entailment
1104,contradiction
1105,neutral
1106,contradiction
1107,contradiction
1108,neutral
1109,contradiction
1110,neutral
1111,neutral
1112,entailment
1113,entailment
1114,neutral
1115,entailment
1116,neutral
1117,contradiction
1118,entailment
1119,entailment
1120,neutral
1121,neutral
1122,contradiction
1123,neutral
1124,entailment
1125,neutral
1126,neutral
1127,neutral
1128,entailment
1129,neutral
1130,contradiction
1131,neutral
1132,entailment
1133,entailment
1134,entailment
1135,entailment
1136,neutral
1137,entailment
1138,contradiction
1139,contradiction
1140,neutral
1141,entailment
1142,contradiction
1143,contradiction
1144,neutral
1145,entailment
1146,neutral
1147,entailment
1148,neutral
1149,neutral
1150,contradiction
1151,entailment
1152,entailment
1153,neutral
1154,neutral
1155,entailment
1156,entailment
1157,contradiction
1158,entailment
1159,entailment
1160,entailment
1161,neutral
1162,entailment
1163,contradiction
1164,neutral
1165,neutral
1166,neutral
1167,contradiction
1168,entailment
1169,neutral
1170,entailment
1171,contradiction
1172,contradiction
1173,contradiction
1174,neutral
1175,contradiction
1176,neutral
1177,neutral
1178,neutral
1179,contradiction
1180,neutral
1181,entailment
1182,entailment
1183,contradiction
1184,contradiction
1185,neutral
1186,neutral
1187,neutral
1188,entailment
1189,entailment
1190,neutral
1191,entailment
1192,entailment
1193,entailment
1194,contradiction
1195,neutral
1196,entailment
1197,contradiction
1198,entailment
1199,entailment
1200,entailment
1201,neutral
1202,entailment
1203,neutral
1204,contradiction
1205,contradiction
1206,entailment
1207,contradiction
1208,neutral
1209,contradiction
1210,neutral
1211,entailment
1212,entailment
1213,contradiction
1214,entailment
1215,contradiction
1216,contradiction
1217,neutral
1218,contradiction
1219,neutral
1220,neutral
1221,entailment
1222,neutral
1223,entailment
1224,contradiction
1225,entailment
1226,neutral
1227,contradiction
1228,entailment
1229,contradiction
1230,neutral
1231,entailment
1232,neutral
1233,neutral
1234,entailment
1235,contradiction
1236,contradiction
1237,entailment
1238,contradiction
1239,neutral
1240,entailment
1241,entailment
1242,entailment
1243,entailment
1244,neutral
1245,contradiction
1246,entailment
1247,neutral
1248,neutral
1249,entailment
1250,neutral
1251,entailment
1252,entailment
1253,neutral
1254,neutral
1255,contradiction
1256,entailment
1257,contradiction
1258,neutral
1259,neutral
1260,neutral
1261,neutral
1262,neutral
1263,contradiction
1264,neutral
1265,entailment
1266,neutral
1267,neutral
1268,contradiction
1269,contradiction
1270,contradiction
1271,contradiction
1272,entailment
1273,entailment
1274,contradiction
1275,neutral
1276,entailment
1277,entailment
1278,contradiction
1279,contradiction
1280,contradiction
1281,entailment
1282,neutral
1283,entailment
1284,entailment
1285,entailment
1286,entailment
1287,contradiction
1288,contradiction
1289,entailment
1290,contradiction
1291,entailment
1292,contradiction
1293,entailment
1294,contradiction
1295,contradiction
1296,contradiction
1297,neutral
1298,entailment
1299,entailment
1300,entailment
1301,entailment
1302,neutral
1303,entailment
1304,entailment
1305,contradiction
1306,neutral
1307,contradiction
1308,contradiction
1309,entailment
1310,entailment
1311,contradiction
1312,neutral
1313,neutral
1314,neutral
1315,entailment
1316,entailment
1317,neutral
1318,contradiction
1319,contradiction
1320,entailment
1321,entailment
1322,neutral
1323,entailment
1324,neutral
1325,entailment
1326,contradiction
1327,entailment
1328,contradiction
1329,contradiction
1330,contradiction
1331,entailment
1332,contradiction
1333,contradiction
1334,contradiction
1335,entailment
1336,entailment
1337,contradiction
1338,contradiction
1339,neutral
1340,neutral
1341,entailment
1342,neutral
1343,neutral
1344,neutral
1345,entailment
1346,entailment
1347,entailment
1348,contradiction
1349,neutral
1350,contradiction
1351,entailment
1352,entailment
1353,contradiction
1354,entailment
1355,entailment
1356,entailment
1357,contradiction
1358,entailment
1359,contradiction
1360,entailment
1361,contradiction
1362,entailment
1363,neutral
1364,contradiction
1365,contradiction
1366,neutral
1367,entailment
1368,entailment
1369,entailment
1370,contradiction
1371,contradiction
1372,contradiction
1373,entailment
1374,entailment
1375,neutral
1376,contradiction
1377,entailment
1378,neutral
1379,neutral
1380,contradiction
1381,neutral
1382,entailment
1383,entailment
1384,neutral
1385,entailment
1386,entailment
1387,contradiction
1388,neutral
1389,neutral
1390,neutral
1391,contradiction
1392,contradiction
1393,entailment
1394,neutral
1395,entailment
1396,entailment
1397,contradiction
1398,contradiction
1399,contradiction
1400,entailment
1401,entailment
1402,entailment
1403,contradiction
1404,entailment
1405,entailment
1406,entailment
1407,neutral
1408,contradiction
1409,entailment
1410,contradiction
1411,contradiction
1412,contradiction
1413,neutral
1414,entailment
1415,neutral
1416,contradiction
1417,contradiction
1418,contradiction
1419,contradiction
1420,neutral
1421,entailment
1422,contradiction
1423,entailment
1424,entailment
1425,contradiction
1426,contradiction
1427,neutral
1428,neutral
1429,contradiction
1430,contradiction
1431,neutral
1432,entailment
1433,contradiction
1434,entailment
1435,neutral
1436,entailment
1437,neutral
1438,entailment
1439,entailment
1440,contradiction
1441,neutral
1442,contradiction
1443,contradiction
1444,contradiction
1445,contradiction
1446,neutral
1447,neutral
1448,neutral
1449,neutral
1450,contradiction
1451,neutral
1452,entailment
1453,neutral
1454,neutral
1455,contradiction
1456,contradiction
1457,entailment
1458,entailment
1459,contradiction
1460,neutral
1461,neutral
1462,contradiction
1463,contradiction
1464,neutral
1465,entailment
1466,entailment
1467,entailment
1468,neutral
1469,contradiction
1470,neutral
1471,neutral
1472,neutral
1473,neutral
1474,contradiction
1475,entailment
1476,contradiction
1477,entailment
1478,entailment
1479,neutral
1480,contradiction
1481,contradiction
1482,entailment
1483,contradiction
1484,contradiction
1485,neutral
1486,neutral
1487,neutral
1488,entailment
1489,entailment
1490,neutral
1491,entailment
1492,neutral
1493,entailment
1494,contradiction
1495,entailment
1496,contradiction
1497,entailment
1498,entailment
1499,entailment
1500,contradiction
1501,contradiction
1502,neutral
1503,entailment
1504,contradiction
1505,entailment
1506,entailment
1507,entailment
1508,neutral
1509,neutral
1510,neutral
1511,entailment
1512,contradiction
1513,entailment
1514,entailment
1515,entailment
1516,contradiction
1517,entailment
1518,entailment
1519,contradiction
1520,contradiction
1521,neutral
1522,contradiction
1523,contradiction
1524,contradiction
1525,entailment
1526,neutral
1527,contradiction
1528,contradiction
1529,entailment
1530,contradiction
1531,entailment
1532,entailment
1533,entailment
1534,neutral
1535,entailment
1536,neutral
1537,contradiction
1538,entailment
1539,neutral
1540,neutral
1541,neutral
1542,entailment
1543,entailment
1544,entailment
1545,entailment
1546,contradiction
1547,neutral
1548,entailment
1549,entailment
1550,contradiction
1551,neutral
1552,neutral
1553,entailment
1554,neutral
1555,entailment
1556,contradiction
1557,contradiction
1558,neutral
1559,entailment
1560,contradiction
1561,contradiction
1562,contradiction
1563,neutral
1564,entailment
1565,neutral
1566,contradiction
1567,neutral
1568,entailment
1569,contradiction
1570,contradiction
1571,neutral
1572,neutral
1573,entailment
1574,contradiction
1575,neutral
1576,neutral
1577,neutral
1578,entailment
1579,neutral
1580,neutral
1581,contradiction
1582,neutral
1583,neutral
1584,contradiction
1585,entailment
1586,neutral
1587,contradiction
1588,contradiction
1589,entailment
1590,neutral
1591,contradiction
1592,neutral
1593,contradiction
1594,entailment
1595,entailment
1596,entailment
1597,neutral
1598,contradiction
1599,contradiction
1600,entailment
1601,contradiction
1602,entailment
1603,entailment
1604,contradiction
1605,entailment
1606,contradiction
1607,entailment
1608,contradiction
1609,contradiction
1610,neutral
1611,contradiction
1612,entailment
1613,contradiction
1614,contradiction
1615,neutral
1616,contradiction
1617,contradiction
1618,entailment
1619,contradiction
1620,contradiction
1621,neutral
1622,contradiction
1623,neutral
1624,neutral
1625,entailment
1626,neutral
1627,contradiction
1628,contradiction
1629,contradiction
1630,contradiction
1631,contradiction
1632,contradiction
1633,entailment
1634,contradiction
1635,entailment
1636,contradiction
1637,entailment
1638,neutral
1639,entailment
1640,contradiction
1641,entailment
1642,neutral
1643,entailment
1644,neutral
1645,neutral
1646,neutral
1647,contradiction
1648,entailment
1649,entailment
1650,contradiction
1651,entailment
1652,entailment
1653,entailment
1654,neutral
1655,contradiction
1656,entailment
1657,contradiction
1658,entailment
1659,contradiction
1660,neutral
1661,neutral
1662,contradiction
1663,entailment
1664,neutral
1665,contradiction
1666,contradiction
1667,neutral
1668,entailment
1669,contradiction
1670,neutral
1671,entailment
1672,entailment
1673,contradiction
1674,neutral
1675,entailment
1676,neutral
1677,contradiction
1678,contradiction
1679,neutral
1680,entailment
1681,neutral
1682,contradiction
1683,neutral
1684,neutral
1685,contradiction
1686,contradiction
1687,entailment
1688,entailment
1689,entailment
1690,entailment
1691,contradiction
1692,entailment
1693,entailment
1694,contradiction
1695,entailment
1696,contradiction
1697,neutral
1698,neutral
1699,contradiction
1700,contradiction
1701,entailment
1702,neutral
1703,entailment
1704,entailment
1705,contradiction
1706,neutral
1707,contradiction
1708,neutral
1709,entailment
1710,contradiction
1711,entailment
1712,entailment
1713,contradiction
1714,neutral
1715,neutral
1716,entailment
1717,contradiction
1718,neutral
1719,entailment
1720,entailment
1721,neutral
1722,entailment
1723,neutral
1724,neutral
1725,contradiction
1726,neutral
1727,contradiction
1728,contradiction
1729,entailment
1730,contradiction
1731,entailment
1732,contradiction
1733,contradiction
1734,contradiction
1735,contradiction
1736,entailment
1737,entailment
1738,neutral
1739,neutral
1740,contradiction
1741,contradiction
1742,contradiction
1743,neutral
1744,neutral
1745,contradiction
1746,contradiction
1747,neutral
1748,entailment
1749,entailment
1750,entailment
1751,contradiction
1752,entailment
1753,neutral
1754,contradiction
1755,entailment
1756,contradiction
1757,neutral
1758,entailment
1759,contradiction
1760,contradiction
1761,contradiction
1762,neutral
1763,contradiction
1764,neutral
1765,entailment
1766,neutral
1767,neutral
1768,entailment
1769,contradiction
1770,contradiction
1771,contradiction
1772,contradiction
1773,neutral
1774,entailment
1775,contradiction
1776,neutral
1777,contradiction
1778,contradiction
1779,contradiction
1780,contradiction
1781,neutral
1782,contradiction
1783,contradiction
1784,contradiction
1785,neutral
1786,contradiction
1787,neutral
1788,contradiction
1789,contradiction
1790,contradiction
1791,neutral
1792,contradiction
1793,contradiction
1794,entailment
1795,entailment
1796,entailment
1797,neutral
1798,entailment
1799,neutral
1800,entailment
1801,contradiction
1802,entailment
1803,neutral
1804,neutral
1805,contradiction
1806,neutral
1807,contradiction
1808,entailment
1809,contradiction
1810,entailment
1811,neutral
1812,contradiction
1813,contradiction
1814,contradiction
1815,entailment
1816,entailment
1817,neutral
1818,entailment
1819,contradiction
1820,neutral
1821,neutral
1822,contradiction
1823,neutral
1824,contradiction
1825,entailment
1826,neutral
1827,contradiction
1828,entailment
1829,entailment
1830,entailment
1831,entailment
1832,entailment
1833,contradiction
1834,contradiction
1835,contradiction
1836,neutral
1837,contradiction
1838,contradiction
1839,contradiction
1840,neutral
1841,contradiction
1842,contradiction
1843,entailment
1844,neutral
1845,contradiction
1846,entailment
1847,neutral
1848,contradiction
1849,entailment
1850,entailment
1851,contradiction
1852,neutral
1853,entailment
1854,contradiction
1855,neutral
1856,entailment
1857,entailment
1858,entailment
1859,neutral
1860,contradiction
1861,entailment
1862,entailment
1863,entailment
1864,entailment
1865,contradiction
1866,contradiction
1867,neutral
1868,entailment
1869,entailment
1870,contradiction
1871,entailment
1872,entailment
1873,contradiction
1874,entailment
1875,entailment
1876,entailment
1877,neutral
1878,entailment
1879,neutral
1880,entailment
1881,contradiction
1882,entailment
1883,contradiction
1884,entailment
1885,entailment
1886,neutral
1887,neutral
1888,contradiction
1889,entailment
1890,neutral
1891,neutral
1892,contradiction
1893,contradiction
1894,neutral
1895,contradiction
1896,entailment
1897,contradiction
1898,entailment
1899,entailment
1900,entailment
1901,contradiction
1902,entailment
1903,entailment
1904,neutral
1905,neutral
1906,entailment
1907,entailment
1908,contradiction
1909,neutral
1910,entailment
1911,entailment
1912,neutral
1913,neutral
1914,neutral
1915,contradiction
1916,neutral
1917,entailment
1918,entailment
1919,entailment
1920,neutral
1921,contradiction
1922,contradiction
1923,contradiction
1924,entailment
1925,neutral
1926,contradiction
1927,contradiction
1928,contradiction
1929,entailment
1930,contradiction
1931,entailment
1932,neutral
1933,contradiction
1934,contradiction
1935,contradiction
1936,neutral
1937,neutral
1938,contradiction
1939,neutral
1940,contradiction
1941,neutral
1942,neutral
1943,entailment
1944,entailment
1945,entailment
1946,entailment
1947,contradiction
1948,neutral
1949,entailment
1950,contradiction
1951,entailment
1952,contradiction
1953,contradiction
1954,entailment
1955,neutral
1956,entailment
1957,neutral
1958,entailment
1959,contradiction
1960,contradiction
1961,neutral
1962,contradiction
1963,entailment
1964,contradiction
1965,entailment
1966,entailment
1967,contradiction
1968,contradiction
1969,entailment
1970,neutral
1971,entailment
1972,neutral
1973,neutral
1974,contradiction
1975,neutral
1976,contradiction
1977,contradiction
1978,entailment
1979,entailment
1980,contradiction
1981,contradiction
1982,contradiction
1983,entailment
1984,entailment
1985,contradiction
1986,neutral
1987,neutral
1988,entailment
1989,contradiction
1990,neutral
1991,contradiction
1992,entailment
1993,contradiction
1994,contradiction
1995,entailment
1996,neutral
1997,contradiction
1998,entailment
1999,contradiction
2000,neutral
2001,neutral
2002,entailment
2003,contradiction
2004,neutral
2005,entailment
2006,contradiction
2007,entailment
2008,entailment
2009,entailment
2010,entailment
2011,contradiction
2012,neutral
2013,entailment
2014,neutral
2015,entailment
2016,entailment
2017,contradiction
2018,contradiction
2019,entailment
2020,neutral
2021,contradiction
2022,entailment
2023,entailment
2024,contradiction
2025,neutral
2026,entailment
2027,entailment
2028,contradiction
2029,neutral
2030,entailment
2031,contradiction
2032,contradiction
2033,contradiction
2034,neutral
2035,neutral
2036,contradiction
2037,entailment
2038,contradiction
2039,contradiction
2040,entailment
2041,neutral
2042,entailment
2043,neutral
2044,contradiction
2045,neutral
2046,neutral
2047,entailment
2048,neutral
2049,contradiction
2050,contradiction
2051,neutral
2052,neutral
2053,neutral
2054,entailment
2055,entailment
2056,neutral
2057,entailment
2058,entailment
2059,entailment
2060,neutral
2061,entailment
2062,contradiction
2063,entailment
2064,entailment
2065,contradiction
2066,neutral
2067,contradiction
2068,entailment
2069,contradiction
2070,contradiction
2071,neutral
2072,contradiction
2073,entailment
2074,neutral
2075,contradiction
2076,contradiction
2077,entailment
2078,entailment
2079,entailment
2080,entailment
2081,entailment
2082,contradiction
2083,neutral
2084,contradiction
2085,neutral
2086,neutral
2087,entailment
2088,contradiction
2089,neutral
2090,contradiction
2091,contradiction
2092,neutral
2093,contradiction
2094,contradiction
2095,contradiction
2096,contradiction
2097,entailment
2098,entailment
2099,entailment
2100,contradiction
2101,entailment
2102,contradiction
2103,contradiction
2104,contradiction
2105,contradiction
2106,contradiction
2107,neutral
2108,neutral
2109,contradiction
2110,contradiction
2111,entailment
2112,neutral
2113,entailment
2114,entailment
2115,contradiction
2116,neutral
2117,contradiction
2118,neutral
2119,neutral
2120,entailment
2121,neutral
2122,neutral
2123,entailment
2124,neutral
2125,entailment
2126,contradiction
2127,neutral
2128,entailment
2129,contradiction
2130,entailment
2131,neutral
2132,neutral
2133,neutral
2134,neutral
2135,contradiction
2136,contradiction
2137,contradiction
2138,entailment
2139,contradiction
2140,neutral
2141,entailment
2142,entailment
2143,entailment
2144,contradiction
2145,entailment
2146,entailment
2147,entailment
2148,entailment
2149,entailment
2150,entailment
2151,contradiction
2152,contradiction
2153,neutral
2154,neutral
2155,entailment
2156,neutral
2157,contradiction
2158,entailment
2159,entailment
2160,contradiction
2161,entailment
2162,entailment
2163,contradiction
2164,entailment
2165,entailment
2166,entailment
2167,contradiction
2168,contradiction
2169,entailment
2170,neutral
2171,neutral
2172,entailment
2173,contradiction
2174,contradiction
2175,contradiction
2176,entailment
2177,entailment
2178,neutral
2179,neutral
2180,neutral
2181,entailment
2182,contradiction
2183,contradiction
2184,entailment
2185,neutral
2186,entailment
2187,neutral
2188,entailment
2189,entailment
2190,entailment
2191,neutral
2192,entailment
2193,neutral
2194,entailment
2195,contradiction
2196,entailment
2197,entailment
2198,entailment
2199,entailment
2200,contradiction
2201,contradiction
2202,contradiction
2203,contradiction
2204,neutral
2205,entailment
2206,entailment
2207,contradiction
2208,neutral
2209,entailment
2210,entailment
2211,contradiction
2212,entailment
2213,neutral
2214,entailment
2215,entailment
2216,entailment
2217,contradiction
2218,contradiction
2219,neutral
2220,entailment
2221,entailment
2222,neutral
2223,contradiction
2224,entailment
2225,neutral
2226,contradiction
2227,entailment
2228,neutral
2229,contradiction
2230,entailment
2231,neutral
2232,entailment
2233,contradiction
2234,contradiction
2235,entailment
2236,entailment
2237,contradiction
2238,entailment
2239,contradiction
2240,entailment
2241,neutral
2242,neutral
2243,entailment
2244,entailment
2245,entailment
2246,contradiction
2247,contradiction
2248,entailment
2249,neutral
2250,contradiction
2251,entailment
2252,contradiction
2253,neutral
2254,contradiction
2255,neutral
2256,contradiction
2257,contradiction
2258,contradiction
2259,contradiction
2260,entailment
2261,neutral
2262,contradiction
2263,entailment
2264,contradiction
2265,neutral
2266,neutral
2267,neutral
2268,contradiction
2269,neutral
2270,neutral
2271,contradiction
2272,neutral
2273,contradiction
2274,contradiction
2275,contradiction
2276,neutral
2277,neutral
2278,contradiction
2279,contradiction
2280,neutral
2281,neutral
2282,contradiction
2283,entailment
2284,entailment
2285,contradiction
2286,entailment
2287,entailment
2288,entailment
2289,contradiction
2290,contradiction
2291,entailment
2292,entailment
2293,neutral
2294,neutral
2295,entailment
2296,entailment
2297,entailment
2298,contradiction
2299,contradiction
2300,entailment
2301,neutral
2302,neutral
2303,neutral
2304,neutral
2305,neutral
2306,entailment
2307,entailment
2308,entailment
2309,neutral
2310,neutral
2311,neutral
2312,neutral
2313,neutral
2314,entailment
2315,entailment
2316,neutral
2317,neutral
2318,entailment
2319,contradiction
2320,neutral
2321,entailment
2322,neutral
2323,entailment
2324,entailment
2325,entailment
2326,contradiction
2327,entailment
2328,neutral
2329,contradiction
2330,entailment
2331,entailment
2332,neutral
2333,contradiction
2334,contradiction
2335,neutral
2336,contradiction
2337,entailment
2338,contradiction
2339,contradiction
2340,contradiction
2341,entailment
2342,neutral
2343,contradiction
2344,entailment
2345,entailment
2346,contradiction
2347,neutral
2348,contradiction
2349,entailment
2350,contradiction
2351,entailment
2352,entailment
2353,entailment
2354,entailment
2355,contradiction
2356,contradiction
2357,contradiction
2358,contradiction
2359,contradiction
2360,neutral
2361,entailment
2362,neutral
2363,entailment
2364,entailment
2365,neutral
2366,neutral
2367,entailment
2368,contradiction
2369,contradiction
2370,neutral
2371,neutral
2372,entailment
2373,entailment
2374,contradiction
2375,neutral
2376,entailment
2377,entailment
2378,entailment
2379,entailment
2380,entailment
2381,contradiction
2382,contradiction
2383,neutral
2384,neutral
2385,entailment
2386,contradiction
2387,entailment
2388,entailment
2389,entailment
2390,neutral
2391,neutral
2392,neutral
2393,contradiction
2394,entailment
2395,neutral
2396,neutral
2397,neutral
2398,neutral
2399,entailment
2400,contradiction
2401,contradiction
2402,entailment
2403,entailment
2404,neutral
2405,neutral
2406,contradiction
2407,entailment
2408,contradiction
2409,neutral
2410,contradiction
2411,neutral
2412,neutral
2413,contradiction
2414,contradiction
2415,contradiction
2416,entailment
2417,contradiction
2418,entailment
2419,contradiction
2420,contradiction
2421,contradiction
2422,contradiction
2423,neutral
2424,neutral
2425,neutral
2426,entailment
2427,neutral
2428,neutral
2429,neutral
2430,entailment
2431,entailment
2432,neutral
2433,contradiction
2434,entailment
2435,entailment
2436,contradiction
2437,contradiction
2438,entailment
2439,contradiction
2440,neutral
2441,contradiction
2442,contradiction
2443,contradiction
2444,contradiction
2445,entailment
2446,entailment
2447,contradiction
2448,neutral
2449,entailment
2450,entailment
2451,neutral
2452,entailment
2453,entailment
2454,neutral
2455,neutral
2456,entailment
2457,neutral
2458,contradiction
2459,contradiction
2460,neutral
2461,neutral
2462,entailment
2463,neutral
2464,contradiction
2465,contradiction
2466,contradiction
2467,entailment
2468,neutral
2469,neutral
2470,contradiction
2471,entailment
2472,neutral
2473,neutral
2474,contradiction
2475,contradiction
2476,entailment
2477,entailment
2478,neutral
2479,entailment
2480,contradiction
2481,neutral
2482,contradiction
2483,entailment
2484,entailment
2485,neutral
2486,entailment
2487,neutral
2488,entailment
2489,neutral
2490,entailment
2491,contradiction
2492,contradiction
2493,entailment
2494,entailment
2495,entailment
2496,neutral
2497,contradiction
2498,contradiction
2499,contradiction
2500,entailment
2501,entailment
2502,neutral
2503,contradiction
2504,neutral
2505,entailment
2506,neutral
2507,entailment
2508,entailment
2509,entailment
2510,neutral
2511,entailment
2512,contradiction
2513,entailment
2514,contradiction
2515,entailment
2516,contradiction
2517,neutral
2518,entailment
2519,entailment
2520,neutral
2521,entailment
2522,contradiction
2523,contradiction
2524,entailment
2525,neutral
2526,neutral
2527,contradiction
2528,neutral
2529,entailment
2530,entailment
2531,entailment
2532,entailment
2533,neutral
2534,entailment
2535,entailment
2536,neutral
2537,entailment
2538,contradiction
2539,contradiction
2540,neutral
2541,contradiction
2542,contradiction
2543,neutral
2544,contradiction
2545,contradiction
2546,contradiction
2547,contradiction
2548,entailment
2549,neutral
2550,neutral
2551,neutral
2552,contradiction
2553,entailment
2554,neutral
2555,neutral
2556,entailment
2557,neutral
2558,contradiction
2559,neutral
2560,entailment
2561,neutral
2562,entailment
2563,neutral
2564,neutral
2565,contradiction
2566,contradiction
2567,entailment
2568,contradiction
2569,entailment
2570,entailment
2571,neutral
2572,entailment
2573,contradiction
2574,contradiction
2575,entailment
2576,neutral
2577,contradiction
2578,contradiction
2579,contradiction
2580,contradiction
2581,neutral
2582,contradiction
2583,neutral
2584,entailment
2585,contradiction
2586,neutral
2587,entailment
2588,neutral
2589,contradiction
2590,entailment
2591,entailment
2592,contradiction
2593,neutral
2594,contradiction
2595,neutral
2596,entailment
2597,entailment
2598,neutral
2599,contradiction
2600,contradiction
2601,neutral
2602,entailment
2603,entailment
2604,neutral
2605,entailment
2606,neutral
2607,contradiction
2608,entailment
2609,neutral
2610,contradiction
2611,contradiction
2612,contradiction
2613,contradiction
2614,neutral
2615,neutral
2616,neutral
2617,contradiction
2618,neutral
2619,neutral
2620,entailment
2621,neutral
2622,neutral
2623,entailment
2624,contradiction
2625,neutral
2626,contradiction
2627,contradiction
2628,contradiction
2629,entailment
2630,contradiction
2631,entailment
2632,contradiction
2633,entailment
2634,contradiction
2635,neutral
2636,neutral
2637,entailment
2638,contradiction
2639,contradiction
2640,entailment
2641,contradiction
2642,entailment
2643,neutral
2644,entailment
2645,neutral
2646,entailment
2647,entailment
2648,entailment
2649,entailment
2650,contradiction
2651,contradiction
2652,contradiction
2653,neutral
2654,entailment
2655,neutral
2656,contradiction
2657,contradiction
2658,neutral
2659,contradiction
2660,entailment
2661,entailment
2662,entailment
2663,contradiction
2664,neutral
2665,contradiction
2666,neutral
2667,entailment
2668,entailment
2669,contradiction
2670,contradiction
2671,neutral
2672,entailment
2673,entailment
2674,contradiction
2675,entailment
2676,neutral
2677,contradiction
2678,entailment
2679,entailment
2680,entailment
2681,neutral
2682,contradiction
2683,entailment
2684,entailment
2685,contradiction
2686,entailment
2687,contradiction
2688,contradiction
2689,neutral
2690,neutral
2691,entailment
2692,neutral
2693,neutral
2694,contradiction
2695,entailment
2696,entailment
2697,contradiction
2698,entailment
2699,contradiction
2700,entailment
2701,entailment
2702,contradiction
2703,entailment
2704,entailment
2705,neutral
2706,entailment
2707,contradiction
2708,entailment
2709,neutral
2710,entailment
2711,entailment
2712,neutral
2713,contradiction
2714,contradiction
2715,entailment
2716,neutral
2717,entailment
2718,contradiction
2719,entailment
2720,neutral
2721,neutral
2722,contradiction
2723,contradiction
2724,contradiction
2725,neutral
2726,neutral
2727,neutral
2728,entailment
2729,neutral
2730,entailment
2731,contradiction
2732,neutral
2733,contradiction
2734,neutral
2735,entailment
2736,entailment
2737,contradiction
2738,entailment
2739,contradiction
2740,entailment
2741,neutral
2742,contradiction
2743,entailment
2744,contradiction
2745,entailment
2746,entailment
2747,neutral
2748,entailment
2749,entailment
2750,entailment
2751,neutral
2752,neutral
2753,contradiction
2754,neutral
2755,neutral
2756,neutral
2757,entailment
2758,entailment
2759,neutral
2760,contradiction
2761,neutral
2762,contradiction
2763,contradiction
2764,contradiction
2765,entailment
2766,contradiction
2767,contradiction
2768,contradiction
2769,contradiction
2770,entailment
2771,neutral
2772,neutral
2773,contradiction
2774,entailment
2775,contradiction
2776,entailment
2777,contradiction
2778,neutral
2779,neutral
2780,entailment
2781,contradiction
2782,entailment
2783,entailment
2784,neutral
2785,entailment
2786,entailment
2787,entailment
2788,entailment
2789,entailment
2790,neutral
2791,entailment
2792,entailment
2793,neutral
2794,entailment
2795,neutral
2796,entailment
2797,neutral
2798,neutral
2799,entailment
2800,entailment
2801,neutral
2802,entailment
2803,entailment
2804,entailment
2805,neutral
2806,entailment
2807,neutral
2808,contradiction
2809,contradiction
2810,contradiction
2811,contradiction
2812,contradiction
2813,entailment
2814,contradiction
2815,contradiction
2816,entailment
2817,entailment
2818,neutral
2819,entailment
2820,entailment
2821,entailment
2822,entailment
2823,entailment
2824,entailment
2825,entailment
2826,neutral
2827,entailment
2828,entailment
2829,neutral
2830,contradiction
2831,neutral
2832,contradiction
2833,entailment
2834,neutral
2835,neutral
2836,contradiction
2837,neutral
2838,neutral
2839,contradiction
2840,neutral
2841,entailment
2842,entailment
2843,entailment
2844,entailment
2845,contradiction
2846,neutral
2847,contradiction
2848,contradiction
2849,neutral
2850,contradiction
2851,contradiction
2852,neutral
2853,neutral
2854,neutral
2855,entailment
2856,entailment
2857,entailment
2858,contradiction
2859,entailment
2860,entailment
2861,neutral
2862,neutral
2863,contradiction
2864,entailment
2865,neutral
2866,contradiction
2867,contradiction
2868,neutral
2869,contradiction
2870,entailment
2871,neutral
2872,entailment
2873,contradiction
2874,neutral
2875,entailment
2876,entailment
2877,contradiction
2878,entailment
2879,entailment
2880,contradiction
2881,entailment
2882,entailment
2883,neutral
2884,contradiction
2885,entailment
2886,contradiction
2887,entailment
2888,entailment
2889,neutral
2890,contradiction
2891,contradiction
2892,neutral
2893,contradiction
2894,entailment
2895,neutral
2896,contradiction
2897,entailment
2898,entailment
2899,contradiction
2900,contradiction
2901,neutral
2902,neutral
2903,entailment
2904,neutral
2905,contradiction
2906,entailment
2907,neutral
2908,neutral
2909,entailment
2910,entailment
2911,neutral
2912,contradiction
2913,entailment
2914,neutral
2915,entailment
2916,entailment
2917,contradiction
2918,entailment
2919,contradiction
2920,neutral
2921,entailment
2922,entailment
2923,neutral
2924,entailment
2925,contradiction
2926,entailment
2927,contradiction
2928,neutral
2929,entailment
2930,contradiction
2931,contradiction
2932,contradiction
2933,neutral
2934,entailment
2935,contradiction
2936,entailment
2937,neutral
2938,entailment
2939,neutral
2940,neutral
2941,entailment
2942,entailment
2943,neutral
2944,contradiction
2945,entailment
2946,entailment
2947,neutral
2948,entailment
2949,neutral
2950,entailment
2951,contradiction
2952,contradiction
2953,entailment
2954,neutral
2955,neutral
2956,contradiction
2957,contradiction
2958,neutral
2959,contradiction
2960,neutral
2961,neutral
2962,contradiction
2963,entailment
2964,neutral
2965,neutral
2966,entailment
2967,contradiction
2968,entailment
2969,neutral
2970,entailment
2971,neutral
2972,contradiction
2973,contradiction
2974,neutral
2975,neutral
2976,entailment
2977,contradiction
2978,neutral
2979,entailment
2980,contradiction
2981,contradiction
2982,contradiction
2983,neutral
2984,entailment
2985,contradiction
2986,neutral
2987,contradiction
2988,contradiction
2989,entailment
2990,contradiction
2991,contradiction
2992,contradiction
2993,entailment
2994,contradiction
2995,entailment
2996,contradiction
2997,contradiction
2998,entailment
2999,contradiction
3000,neutral
3001,entailment
3002,entailment
3003,contradiction
3004,neutral
3005,neutral
3006,neutral
3007,entailment
3008,entailment
3009,neutral
3010,contradiction
3011,contradiction
3012,contradiction
3013,entailment
3014,contradiction
3015,entailment
3016,neutral
3017,neutral
3018,contradiction
3019,entailment
3020,neutral
3021,entailment
3022,contradiction
3023,entailment
3024,entailment
3025,entailment
3026,entailment
3027,entailment
3028,entailment
3029,entailment
3030,entailment
3031,entailment
3032,neutral
3033,entailment
3034,neutral
3035,contradiction
3036,entailment
3037,contradiction
3038,entailment
3039,entailment
3040,neutral
3041,contradiction
3042,entailment
3043,neutral
3044,contradiction
3045,contradiction
3046,neutral
3047,contradiction
3048,neutral
3049,contradiction
3050,neutral
3051,neutral
3052,contradiction
3053,entailment
3054,entailment
3055,contradiction
3056,entailment
3057,neutral
3058,entailment
3059,contradiction
3060,neutral
3061,contradiction
3062,neutral
3063,neutral
3064,entailment
3065,entailment
3066,entailment
3067,entailment
3068,entailment
3069,entailment
3070,entailment
3071,contradiction
3072,neutral
3073,neutral
3074,entailment
3075,entailment
3076,neutral
3077,contradiction
3078,contradiction
3079,entailment
3080,contradiction
3081,neutral
3082,contradiction
3083,neutral
3084,entailment
3085,contradiction
3086,entailment
3087,contradiction
3088,neutral
3089,contradiction
3090,contradiction
3091,entailment
3092,entailment
3093,contradiction
3094,contradiction
3095,contradiction
3096,entailment
3097,contradiction
3098,contradiction
3099,contradiction
3100,contradiction
3101,contradiction
3102,neutral
3103,entailment
3104,contradiction
3105,contradiction
3106,contradiction
3107,entailment
3108,contradiction
3109,contradiction
3110,neutral
3111,entailment
3112,neutral
3113,contradiction
3114,neutral
3115,contradiction
3116,neutral
3117,entailment
3118,entailment
3119,entailment
3120,entailment
3121,neutral
3122,entailment
3123,entailment
3124,neutral
3125,contradiction
3126,entailment
3127,entailment
3128,neutral
3129,neutral
3130,contradiction
3131,entailment
3132,entailment
3133,entailment
3134,neutral
3135,entailment
3136,entailment
3137,entailment
3138,entailment
3139,contradiction
3140,entailment
3141,neutral
3142,neutral
3143,entailment
3144,entailment
3145,contradiction
3146,entailment
3147,contradiction
3148,entailment
3149,contradiction
3150,neutral
3151,contradiction
3152,neutral
3153,entailment
3154,entailment
3155,contradiction
3156,neutral
3157,neutral
3158,entailment
3159,neutral
3160,entailment
3161,contradiction
3162,entailment
3163,contradiction
3164,entailment
3165,entailment
3166,neutral
3167,neutral
3168,entailment
3169,contradiction
3170,entailment
3171,neutral
3172,entailment
3173,entailment
3174,neutral
3175,contradiction
3176,contradiction
3177,entailment
3178,neutral
3179,contradiction
3180,entailment
3181,neutral
3182,contradiction
3183,contradiction
3184,neutral
3185,contradiction
3186,contradiction
3187,neutral
3188,entailment
3189,neutral
3190,entailment
3191,contradiction
3192,neutral
3193,contradiction
3194,contradiction
3195,entailment
3196,entailment
3197,entailment
3198,neutral
3199,neutral
3200,contradiction
3201,entailment
3202,contradiction
3203,entailment
3204,contradiction
3205,neutral
3206,entailment
3207,contradiction
3208,contradiction
3209,entailment
3210,contradiction
3211,entailment
3212,neutral
3213,contradiction
3214,entailment
3215,neutral
3216,contradiction
3217,contradiction
3218,contradiction
3219,neutral
3220,neutral
3221,contradiction
3222,neutral
3223,entailment
3224,neutral
3225,entailment
3226,entailment
3227,neutral
3228,contradiction
3229,entailment
3230,contradiction
3231,contradiction
3232,neutral
3233,neutral
3234,neutral
3235,entailment
3236,contradiction
3237,entailment
3238,neutral
3239,neutral
3240,neutral
3241,contradiction
3242,neutral
3243,entailment
3244,contradiction
3245,contradiction
3246,neutral
3247,entailment
3248,contradiction
3249,contradiction
3250,entailment
3251,contradiction
3252,entailment
3253,contradiction
3254,neutral
3255,entailment
3256,contradiction
3257,entailment
3258,contradiction
3259,entailment
3260,entailment
3261,entailment
3262,contradiction
3263,entailment
3264,contradiction
3265,contradiction
3266,entailment
3267,contradiction
3268,entailment
3269,entailment
3270,neutral
3271,contradiction
3272,contradiction
3273,entailment
3274,neutral
3275,contradiction
3276,contradiction
3277,contradiction
3278,entailment
3279,neutral
3280,contradiction
3281,entailment
3282,entailment
3283,contradiction
3284,entailment
3285,neutral
3286,entailment
3287,contradiction
3288,contradiction
3289,entailment
3290,entailment
3291,contradiction
3292,entailment
3293,contradiction
3294,entailment
3295,entailment
3296,neutral
3297,contradiction
3298,entailment
3299,neutral
3300,entailment
3301,neutral
3302,entailment
3303,contradiction
3304,contradiction
3305,entailment
3306,entailment
3307,entailment
3308,entailment
3309,neutral
3310,neutral
3311,entailment
3312,contradiction
3313,entailment
3314,contradiction
3315,contradiction
3316,contradiction
3317,entailment
3318,entailment
3319,entailment
3320,entailment
3321,entailment
3322,entailment
3323,entailment
3324,contradiction
3325,neutral
3326,contradiction
3327,neutral
3328,neutral
3329,neutral
3330,contradiction
3331,entailment
3332,entailment
3333,neutral
3334,entailment
3335,contradiction
3336,neutral
3337,contradiction
3338,contradiction
3339,neutral
3340,entailment
3341,entailment
3342,entailment
3343,neutral
3344,entailment
3345,entailment
3346,contradiction
3347,neutral
3348,entailment
3349,entailment
3350,entailment
3351,entailment
3352,contradiction
3353,neutral
3354,entailment
3355,contradiction
3356,neutral
3357,contradiction
3358,contradiction
3359,entailment
3360,contradiction
3361,contradiction
3362,entailment
3363,contradiction
3364,contradiction
3365,neutral
3366,entailment
3367,contradiction
3368,neutral
3369,contradiction
3370,contradiction
3371,entailment
3372,neutral
3373,contradiction
3374,entailment
3375,contradiction
3376,neutral
3377,entailment
3378,contradiction
3379,entailment
3380,contradiction
3381,contradiction
3382,entailment
3383,neutral
3384,entailment
3385,entailment
3386,neutral
3387,entailment
3388,contradiction
3389,entailment
3390,neutral
3391,neutral
3392,neutral
3393,neutral
3394,entailment
3395,neutral
3396,contradiction
3397,entailment
3398,entailment
3399,neutral
3400,contradiction
3401,contradiction
3402,contradiction
3403,contradiction
3404,neutral
3405,contradiction
3406,contradiction
3407,entailment
3408,entailment
3409,entailment
3410,contradiction
3411,contradiction
3412,contradiction
3413,entailment
3414,entailment
3415,neutral
3416,contradiction
3417,contradiction
3418,contradiction
3419,contradiction
3420,neutral
3421,entailment
3422,entailment
3423,contradiction
3424,entailment
3425,entailment
3426,contradiction
3427,entailment
3428,entailment
3429,entailment
3430,entailment
3431,contradiction
3432,neutral
3433,entailment
3434,entailment
3435,contradiction
3436,neutral
3437,neutral
3438,contradiction
3439,contradiction
3440,entailment
3441,entailment
3442,entailment
3443,entailment
3444,contradiction
3445,entailment
3446,neutral
3447,contradiction
3448,entailment
3449,neutral
3450,neutral
3451,contradiction
3452,contradiction
3453,contradiction
3454,neutral
3455,neutral
3456,neutral
3457,entailment
3458,entailment
3459,contradiction
3460,contradiction
3461,entailment
3462,entailment
3463,entailment
3464,entailment
3465,neutral
3466,entailment
3467,contradiction
3468,entailment
3469,neutral
3470,contradiction
3471,contradiction
3472,contradiction
3473,entailment
3474,entailment
3475,neutral
3476,contradiction
3477,contradiction
3478,neutral
3479,contradiction
3480,entailment
3481,entailment
3482,neutral
3483,entailment
3484,entailment
3485,entailment
3486,contradiction
3487,neutral
3488,neutral
3489,contradiction
3490,neutral
3491,entailment
3492,entailment
3493,neutral
3494,contradiction
3495,neutral
3496,entailment
3497,contradiction
3498,neutral
3499,contradiction
3500,contradiction
3501,neutral
3502,contradiction
3503,entailment
3504,neutral
3505,entailment
3506,neutral
3507,contradiction
3508,entailment
3509,contradiction
3510,entailment
3511,entailment
3512,contradiction
3513,contradiction
3514,contradiction
3515,entailment
3516,contradiction
3517,contradiction
3518,neutral
3519,contradiction
3520,neutral
3521,entailment
3522,contradiction
3523,neutral
3524,neutral
3525,neutral
3526,neutral
3527,contradiction
3528,contradiction
3529,contradiction
3530,entailment
3531,neutral
3532,contradiction
3533,neutral
3534,entailment
3535,neutral
3536,entailment
3537,entailment
3538,contradiction
3539,contradiction
3540,entailment
3541,contradiction
3542,neutral
3543,contradiction
3544,entailment
3545,entailment
3546,entailment
3547,contradiction
3548,entailment
3549,entailment
3550,entailment
3551,contradiction
3552,neutral
3553,entailment
3554,neutral
3555,contradiction
3556,entailment
3557,contradiction
3558,neutral
3559,contradiction
3560,neutral
3561,entailment
3562,contradiction
3563,contradiction
3564,contradiction
3565,contradiction
3566,neutral
3567,entailment
3568,neutral
3569,contradiction
3570,entailment
3571,neutral
3572,contradiction
3573,entailment
3574,contradiction
3575,contradiction
3576,entailment
3577,entailment
3578,entailment
3579,neutral
3580,entailment
3581,neutral
3582,contradiction
3583,entailment
3584,contradiction
3585,entailment
3586,entailment
3587,contradiction
3588,entailment
3589,neutral
3590,neutral
3591,neutral
3592,contradiction
3593,entailment
3594,contradiction
3595,contradiction
3596,neutral
3597,neutral
3598,entailment
3599,neutral
3600,contradiction
3601,neutral
3602,entailment
3603,neutral
3604,entailment
3605,neutral
3606,contradiction
3607,entailment
3608,entailment
3609,contradiction
3610,entailment
3611,contradiction
3612,neutral
3613,contradiction
3614,entailment
3615,entailment
3616,entailment
3617,contradiction
3618,entailment
3619,contradiction
3620,entailment
3621,entailment
3622,entailment
3623,entailment
3624,contradiction
3625,contradiction
3626,contradiction
3627,neutral
3628,entailment
3629,entailment
3630,neutral
3631,entailment
3632,contradiction
3633,entailment
3634,contradiction
3635,neutral
3636,contradiction
3637,contradiction
3638,contradiction
3639,neutral
3640,neutral
3641,entailment
3642,contradiction
3643,entailment
3644,neutral
3645,contradiction
3646,entailment
3647,contradiction
3648,neutral
3649,entailment
3650,neutral
3651,contradiction
3652,neutral
3653,neutral
3654,contradiction
3655,entailment
3656,entailment
3657,neutral
3658,neutral
3659,contradiction
3660,neutral
3661,contradiction
3662,contradiction
3663,neutral
3664,entailment
3665,neutral
3666,entailment
3667,contradiction
3668,contradiction
3669,neutral
3670,contradiction
3671,entailment
3672,entailment
3673,contradiction
3674,contradiction
3675,contradiction
3676,entailment
3677,contradiction
3678,entailment
3679,entailment
3680,neutral
3681,neutral
3682,neutral
3683,entailment
3684,neutral
3685,entailment
3686,contradiction
3687,contradiction
3688,contradiction
3689,neutral
3690,contradiction
3691,neutral
3692,neutral
3693,contradiction
3694,neutral
3695,neutral
3696,entailment
3697,neutral
3698,neutral
3699,neutral
3700,contradiction
3701,contradiction
3702,entailment
3703,entailment
3704,contradiction
3705,neutral
3706,contradiction
3707,entailment
3708,contradiction
3709,neutral
3710,entailment
3711,neutral
3712,neutral
3713,neutral
3714,neutral
3715,entailment
3716,contradiction
3717,neutral
3718,entailment
3719,neutral
3720,contradiction
3721,contradiction
3722,entailment
3723,neutral
3724,contradiction
3725,contradiction
3726,contradiction
3727,contradiction
3728,neutral
3729,neutral
3730,entailment
3731,contradiction
3732,neutral
3733,contradiction
3734,neutral
3735,neutral
3736,entailment
3737,contradiction
3738,contradiction
3739,neutral
3740,contradiction
3741,contradiction
3742,neutral
3743,neutral
3744,entailment
3745,entailment
3746,entailment
3747,entailment
3748,contradiction
3749,entailment
3750,contradiction
3751,contradiction
3752,neutral
3753,neutral
3754,entailment
3755,entailment
3756,neutral
3757,entailment
3758,entailment
3759,neutral
3760,entailment
3761,contradiction
3762,entailment
3763,neutral
3764,neutral
3765,entailment
3766,neutral
3767,contradiction
3768,neutral
3769,contradiction
3770,contradiction
3771,contradiction
3772,entailment
3773,entailment
3774,entailment
3775,neutral
3776,entailment
3777,entailment
3778,neutral
3779,entailment
3780,contradiction
3781,contradiction
3782,entailment
3783,neutral
3784,entailment
3785,contradiction
3786,entailment
3787,entailment
3788,contradiction
3789,neutral
3790,contradiction
3791,neutral
3792,neutral
3793,entailment
3794,entailment
3795,entailment
3796,neutral
3797,entailment
3798,neutral
3799,contradiction
3800,entailment
3801,entailment
3802,neutral
3803,entailment
3804,entailment
3805,entailment
3806,neutral
3807,entailment
3808,contradiction
3809,neutral
3810,entailment
3811,neutral
3812,contradiction
3813,contradiction
3814,entailment
3815,entailment
3816,contradiction
3817,entailment
3818,entailment
3819,contradiction
3820,entailment
3821,contradiction
3822,contradiction
3823,contradiction
3824,entailment
3825,contradiction
3826,entailment
3827,entailment
3828,contradiction
3829,entailment
3830,entailment
3831,contradiction
3832,contradiction
3833,contradiction
3834,contradiction
3835,neutral
3836,neutral
3837,contradiction
3838,contradiction
3839,contradiction
3840,neutral
3841,neutral
3842,neutral
3843,neutral
3844,entailment
3845,entailment
3846,entailment
3847,contradiction
3848,entailment
3849,contradiction
3850,contradiction
3851,neutral
3852,entailment
3853,neutral
3854,contradiction
3855,contradiction
3856,neutral
3857,neutral
3858,contradiction
3859,neutral
3860,contradiction
3861,neutral
3862,entailment
3863,entailment
3864,entailment
3865,entailment
3866,entailment
3867,entailment
3868,contradiction
3869,entailment
3870,entailment
3871,contradiction
3872,neutral
3873,entailment
3874,contradiction
3875,contradiction
3876,contradiction
3877,entailment
3878,entailment
3879,contradiction
3880,neutral
3881,neutral
3882,neutral
3883,entailment
3884,entailment
3885,contradiction
3886,contradiction
3887,contradiction
3888,entailment
3889,neutral
3890,contradiction
3891,neutral
3892,entailment
3893,contradiction
3894,contradiction
3895,entailment
3896,contradiction
3897,entailment
3898,contradiction
3899,contradiction
3900,entailment
3901,contradiction
3902,neutral
3903,entailment
3904,entailment
3905,entailment
3906,entailment
3907,contradiction
3908,contradiction
3909,neutral
3910,contradiction
3911,contradiction
3912,entailment
3913,neutral
3914,neutral
3915,contradiction
3916,entailment
3917,entailment
3918,contradiction
3919,contradiction
3920,entailment
3921,entailment
3922,contradiction
3923,contradiction
3924,contradiction
3925,neutral
3926,entailment
3927,entailment
3928,entailment
3929,neutral
3930,contradiction
3931,neutral
3932,neutral
3933,contradiction
3934,entailment
3935,neutral
3936,contradiction
3937,entailment
3938,contradiction
3939,contradiction
3940,contradiction
3941,contradiction
3942,neutral
3943,contradiction
3944,entailment
3945,neutral
3946,contradiction
3947,neutral
3948,neutral
3949,entailment
3950,contradiction
3951,contradiction
3952,contradiction
3953,neutral
3954,neutral
3955,contradiction
3956,entailment
3957,neutral
3958,entailment
3959,contradiction
3960,contradiction
3961,contradiction
3962,entailment
3963,neutral
3964,entailment
3965,entailment
3966,entailment
3967,contradiction
3968,neutral
3969,contradiction
3970,entailment
3971,entailment
3972,entailment
3973,contradiction
3974,neutral
3975,entailment
3976,neutral
3977,entailment
3978,contradiction
3979,entailment
3980,contradiction
3981,entailment
3982,entailment
3983,entailment
3984,contradiction
3985,contradiction
3986,contradiction
3987,contradiction
3988,entailment
3989,neutral
3990,entailment
3991,neutral
3992,entailment
3993,neutral
3994,entailment
3995,entailment
3996,contradiction
3997,entailment
3998,entailment
3999,neutral
4000,contradiction
4001,neutral
4002,entailment
4003,neutral
4004,contradiction
4005,neutral
4006,neutral
4007,entailment
4008,entailment
4009,entailment
4010,contradiction
4011,contradiction
4012,entailment
4013,contradiction
4014,contradiction
4015,neutral
4016,contradiction
4017,entailment
4018,neutral
4019,contradiction
4020,contradiction
4021,neutral
4022,contradiction
4023,contradiction
4024,contradiction
4025,neutral
4026,neutral
4027,contradiction
4028,neutral
4029,entailment
4030,entailment
4031,entailment
4032,contradiction
4033,contradiction
4034,contradiction
4035,entailment
4036,entailment
4037,neutral
4038,entailment
4039,contradiction
4040,entailment
4041,contradiction
4042,entailment
4043,contradiction
4044,entailment
4045,entailment
4046,neutral
4047,neutral
4048,entailment
4049,contradiction
4050,entailment
4051,contradiction
4052,contradiction
4053,neutral
4054,entailment
4055,contradiction
4056,neutral
4057,contradiction
4058,entailment
4059,neutral
4060,neutral
4061,contradiction
4062,contradiction
4063,neutral
4064,neutral
4065,entailment
4066,contradiction
4067,contradiction
4068,entailment
4069,entailment
4070,contradiction
4071,contradiction
4072,neutral
4073,contradiction
4074,contradiction
4075,contradiction
4076,entailment
4077,entailment
4078,neutral
4079,contradiction
4080,contradiction
4081,contradiction
4082,contradiction
4083,neutral
4084,entailment
4085,entailment
4086,entailment
4087,neutral
4088,contradiction
4089,contradiction
4090,contradiction
4091,contradiction
4092,contradiction
4093,entailment
4094,contradiction
4095,contradiction
4096,contradiction
4097,entailment
4098,neutral
4099,neutral
4100,entailment
4101,neutral
4102,entailment
4103,entailment
4104,contradiction
4105,entailment
4106,entailment
4107,contradiction
4108,entailment
4109,contradiction
4110,neutral
4111,neutral
4112,contradiction
4113,contradiction
4114,entailment
4115,contradiction
4116,neutral
4117,neutral
4118,neutral
4119,entailment
4120,entailment
4121,contradiction
4122,entailment
4123,contradiction
4124,contradiction
4125,contradiction
4126,neutral
4127,contradiction
4128,contradiction
4129,contradiction
4130,entailment
4131,entailment
4132,entailment
4133,entailment
4134,entailment
4135,neutral
4136,neutral
4137,entailment
4138,neutral
4139,contradiction
4140,entailment
4141,contradiction
4142,neutral
4143,entailment
4144,contradiction
4145,entailment
4146,entailment
4147,entailment
4148,contradiction
4149,entailment
4150,entailment
4151,entailment
4152,entailment
4153,entailment
4154,contradiction
4155,contradiction
4156,neutral
4157,entailment
4158,entailment
4159,contradiction
4160,entailment
4161,entailment
4162,contradiction
4163,contradiction
4164,neutral
4165,contradiction
4166,contradiction
4167,neutral
4168,entailment
4169,entailment
4170,contradiction
4171,contradiction
4172,contradiction
4173,entailment
4174,entailment
4175,neutral
4176,neutral
4177,neutral
4178,entailment
4179,contradiction
4180,contradiction
4181,entailment
4182,neutral
4183,contradiction
4184,contradiction
4185,entailment
4186,entailment
4187,entailment
4188,entailment
4189,neutral
4190,neutral
4191,contradiction
4192,contradiction
4193,entailment
4194,neutral
4195,neutral
4196,contradiction
4197,entailment
4198,contradiction
4199,contradiction
4200,contradiction
4201,entailment
4202,neutral
4203,entailment
4204,contradiction
4205,contradiction
4206,neutral
4207,neutral
4208,entailment
4209,entailment
4210,neutral
4211,entailment
4212,contradiction
4213,entailment
4214,contradiction
4215,contradiction
4216,neutral
4217,contradiction
4218,neutral
4219,entailment
4220,contradiction
4221,neutral
4222,contradiction
4223,neutral
4224,contradiction
4225,entailment
4226,entailment
4227,neutral
4228,contradiction
4229,contradiction
4230,contradiction
4231,neutral
4232,entailment
4233,neutral
4234,neutral
4235,neutral
4236,neutral
4237,contradiction
4238,entailment
4239,neutral
4240,neutral
4241,neutral
4242,contradiction
4243,contradiction
4244,contradiction
4245,contradiction
4246,entailment
4247,entailment
4248,entailment
4249,entailment
4250,contradiction
4251,contradiction
4252,neutral
4253,neutral
4254,entailment
4255,entailment
4256,entailment
4257,neutral
4258,contradiction
4259,neutral
4260,neutral
4261,entailment
4262,entailment
4263,contradiction
4264,entailment
4265,neutral
4266,neutral
4267,entailment
4268,entailment
4269,entailment
4270,contradiction
4271,contradiction
4272,entailment
4273,entailment
4274,neutral
4275,contradiction
4276,contradiction
4277,entailment
4278,entailment
4279,contradiction
4280,neutral
4281,neutral
4282,neutral
4283,contradiction
4284,contradiction
4285,entailment
4286,contradiction
4287,neutral
4288,neutral
4289,contradiction
4290,neutral
4291,contradiction
4292,entailment
4293,contradiction
4294,entailment
4295,entailment
4296,entailment
4297,contradiction
4298,neutral
4299,entailment
4300,neutral
4301,neutral
4302,neutral
4303,entailment
4304,contradiction
4305,neutral
4306,neutral
4307,entailment
4308,neutral
4309,neutral
4310,contradiction
4311,entailment
4312,neutral
4313,entailment
4314,contradiction
4315,contradiction
4316,entailment
4317,entailment
4318,entailment
4319,entailment
4320,contradiction
4321,neutral
4322,entailment
4323,entailment
4324,entailment
4325,entailment
4326,neutral
4327,contradiction
4328,entailment
4329,contradiction
4330,contradiction
4331,neutral
4332,contradiction
4333,entailment
4334,entailment
4335,entailment
4336,contradiction
4337,entailment
4338,entailment
4339,neutral
4340,contradiction
4341,contradiction
4342,entailment
4343,entailment
4344,entailment
4345,contradiction
4346,neutral
4347,neutral
4348,neutral
4349,contradiction
4350,entailment
4351,contradiction
4352,entailment
4353,entailment
4354,entailment
4355,neutral
4356,neutral
4357,contradiction
4358,neutral
4359,entailment
4360,neutral
4361,neutral
4362,contradiction
4363,entailment
4364,neutral
4365,entailment
4366,entailment
4367,entailment
4368,entailment
4369,neutral
4370,neutral
4371,contradiction
4372,entailment
4373,contradiction
4374,contradiction
4375,entailment
4376,contradiction
4377,contradiction
4378,entailment
4379,neutral
4380,neutral
4381,contradiction
4382,neutral
4383,contradiction
4384,entailment
4385,contradiction
4386,entailment
4387,entailment
4388,entailment
4389,contradiction
4390,contradiction
4391,entailment
4392,entailment
4393,neutral
4394,entailment
4395,contradiction
4396,contradiction
4397,entailment
4398,entailment
4399,contradiction
4400,neutral
4401,entailment
4402,entailment
4403,neutral
4404,contradiction
4405,neutral
4406,entailment
4407,contradiction
4408,neutral
4409,neutral
4410,contradiction
4411,entailment
4412,entailment
4413,neutral
4414,contradiction
4415,contradiction
4416,neutral
4417,contradiction
4418,neutral
4419,contradiction
4420,entailment
4421,neutral
4422,entailment
4423,neutral
4424,contradiction
4425,entailment
4426,contradiction
4427,neutral
4428,entailment
4429,entailment
4430,contradiction
4431,contradiction
4432,contradiction
4433,contradiction
4434,neutral
4435,entailment
4436,contradiction
4437,neutral
4438,entailment
4439,neutral
4440,entailment
4441,entailment
4442,contradiction
4443,neutral
4444,neutral
4445,contradiction
4446,contradiction
4447,entailment
4448,entailment
4449,neutral
4450,neutral
4451,contradiction
4452,contradiction
4453,entailment
4454,contradiction
4455,neutral
4456,entailment
4457,neutral
4458,neutral
4459,contradiction
4460,entailment
4461,neutral
4462,neutral
4463,entailment
4464,contradiction
4465,entailment
4466,contradiction
4467,contradiction
4468,neutral
4469,contradiction
4470,contradiction
4471,entailment
4472,entailment
4473,entailment
4474,entailment
4475,contradiction
4476,entailment
4477,contradiction
4478,entailment
4479,entailment
4480,neutral
4481,contradiction
4482,contradiction
4483,contradiction
4484,entailment
4485,contradiction
4486,neutral
4487,contradiction
4488,contradiction
4489,contradiction
4490,contradiction
4491,neutral
4492,neutral
4493,neutral
4494,contradiction
4495,neutral
4496,contradiction
4497,neutral
4498,contradiction
4499,contradiction
4500,neutral
4501,neutral
4502,contradiction
4503,entailment
4504,entailment
4505,contradiction
4506,contradiction
4507,entailment
4508,contradiction
4509,contradiction
4510,entailment
4511,neutral
4512,entailment
4513,contradiction
4514,entailment
4515,entailment
4516,neutral
4517,neutral
4518,neutral
4519,neutral
4520,entailment
4521,neutral
4522,contradiction
4523,neutral
4524,neutral
4525,entailment
4526,contradiction
4527,entailment
4528,contradiction
4529,neutral
4530,entailment
4531,neutral
4532,contradiction
4533,entailment
4534,entailment
4535,neutral
4536,contradiction
4537,contradiction
4538,entailment
4539,entailment
4540,contradiction
4541,contradiction
4542,contradiction
4543,contradiction
4544,entailment
4545,entailment
4546,contradiction
4547,entailment
4548,neutral
4549,entailment
4550,neutral
4551,neutral
4552,neutral
4553,contradiction
4554,neutral
4555,neutral
4556,contradiction
4557,entailment
4558,contradiction
4559,entailment
4560,neutral
4561,neutral
4562,entailment
4563,contradiction
4564,contradiction
4565,neutral
4566,entailment
4567,entailment
4568,entailment
4569,entailment
4570,contradiction
4571,entailment
4572,contradiction
4573,entailment
4574,contradiction
4575,contradiction
4576,entailment
4577,neutral
4578,contradiction
4579,contradiction
4580,contradiction
4581,contradiction
4582,contradiction
4583,neutral
4584,entailment
4585,neutral
4586,entailment
4587,entailment
4588,contradiction
4589,contradiction
4590,contradiction
4591,entailment
4592,entailment
4593,contradiction
4594,neutral
4595,contradiction
4596,entailment
4597,contradiction
4598,entailment
4599,entailment
4600,neutral
4601,contradiction
4602,contradiction
4603,neutral
4604,contradiction
4605,neutral
4606,neutral
4607,contradiction
4608,contradiction
4609,entailment
4610,neutral
4611,entailment
4612,contradiction
4613,neutral
4614,entailment
4615,contradiction
4616,contradiction
4617,entailment
4618,entailment
4619,contradiction
4620,neutral
4621,entailment
4622,entailment
4623,neutral
4624,entailment
4625,contradiction
4626,entailment
4627,contradiction
4628,neutral
4629,entailment
4630,neutral
4631,neutral
4632,neutral
4633,contradiction
4634,neutral
4635,entailment
4636,contradiction
4637,contradiction
4638,neutral
4639,entailment
4640,entailment
4641,neutral
4642,entailment
4643,entailment
4644,entailment
4645,entailment
4646,contradiction
4647,neutral
4648,contradiction
4649,neutral
4650,contradiction
4651,neutral
4652,contradiction
4653,neutral
4654,neutral
4655,contradiction
4656,neutral
4657,neutral
4658,neutral
4659,contradiction
4660,entailment
4661,neutral
4662,entailment
4663,contradiction
4664,contradiction
4665,contradiction
4666,entailment
4667,neutral
4668,entailment
4669,contradiction
4670,contradiction
4671,contradiction
4672,contradiction
4673,contradiction
4674,contradiction
4675,neutral
4676,contradiction
4677,neutral
4678,entailment
4679,contradiction
4680,neutral
4681,neutral
4682,contradiction
4683,contradiction
4684,entailment
4685,entailment
4686,contradiction
4687,entailment
4688,entailment
4689,neutral
4690,contradiction
4691,neutral
4692,entailment
4693,neutral
4694,neutral
4695,contradiction
4696,entailment
4697,contradiction
4698,entailment
4699,neutral
4700,entailment
4701,entailment
4702,neutral
4703,contradiction
4704,entailment
4705,contradiction
4706,contradiction
4707,entailment
4708,contradiction
4709,entailment
4710,entailment
4711,entailment
4712,contradiction
4713,neutral
4714,entailment
4715,neutral
4716,neutral
4717,neutral
4718,contradiction
4719,entailment
4720,neutral
4721,neutral
4722,neutral
4723,entailment
4724,neutral
4725,contradiction
4726,neutral
4727,entailment
4728,contradiction
4729,entailment
4730,neutral
4731,neutral
4732,entailment
4733,contradiction
4734,contradiction
4735,neutral
4736,neutral
4737,entailment
4738,contradiction
4739,contradiction
4740,contradiction
4741,entailment
4742,entailment
4743,neutral
4744,contradiction
4745,entailment
4746,entailment
4747,entailment
4748,neutral
4749,contradiction
4750,entailment
4751,entailment
4752,neutral
4753,contradiction
4754,neutral
4755,neutral
4756,neutral
4757,entailment
4758,contradiction
4759,neutral
4760,neutral
4761,contradiction
4762,contradiction
4763,contradiction
4764,entailment
4765,neutral
4766,contradiction
4767,contradiction
4768,contradiction
4769,contradiction
4770,contradiction
4771,contradiction
4772,neutral
4773,entailment
4774,entailment
4775,neutral
4776,entailment
4777,contradiction
4778,entailment
4779,neutral
4780,entailment
4781,neutral
4782,entailment
4783,entailment
4784,contradiction
4785,entailment
4786,entailment
4787,entailment
4788,neutral
4789,neutral
4790,entailment
4791,neutral
4792,entailment
4793,entailment
4794,neutral
4795,entailment
4796,contradiction
4797,neutral
4798,neutral
4799,contradiction
4800,contradiction
4801,neutral
4802,neutral
4803,contradiction
4804,entailment
4805,contradiction
4806,neutral
4807,contradiction
4808,contradiction
4809,neutral
4810,neutral
4811,neutral
4812,contradiction
4813,entailment
4814,contradiction
4815,entailment
4816,neutral
4817,entailment
4818,neutral
4819,entailment
4820,entailment
4821,contradiction
4822,neutral
4823,contradiction
4824,contradiction
4825,entailment
4826,neutral
4827,contradiction
4828,contradiction
4829,entailment
4830,entailment
4831,contradiction
4832,contradiction
4833,neutral
4834,contradiction
4835,entailment
4836,entailment
4837,neutral
4838,contradiction
4839,neutral
4840,entailment
4841,neutral
4842,entailment
4843,contradiction
4844,contradiction
4845,contradiction
4846,contradiction
4847,entailment
4848,entailment
4849,neutral
4850,entailment
4851,contradiction
4852,entailment
4853,entailment
4854,entailment
4855,entailment
4856,entailment
4857,entailment
4858,contradiction
4859,neutral
4860,entailment
4861,entailment
4862,neutral
4863,entailment
4864,neutral
4865,neutral
4866,neutral
4867,entailment
4868,neutral
4869,contradiction
4870,contradiction
4871,entailment
4872,entailment
4873,neutral
4874,contradiction
4875,neutral
4876,entailment
4877,contradiction
4878,contradiction
4879,contradiction
4880,entailment
4881,entailment
4882,contradiction
4883,contradiction
4884,neutral
4885,neutral
4886,neutral
4887,neutral
4888,neutral
4889,contradiction
4890,contradiction
4891,neutral
4892,entailment
4893,contradiction
4894,entailment
4895,contradiction
4896,neutral
4897,contradiction
4898,contradiction
4899,contradiction
4900,entailment
4901,entailment
4902,contradiction
4903,contradiction
4904,contradiction
4905,entailment
4906,neutral
4907,contradiction
4908,entailment
4909,contradiction
4910,contradiction
4911,entailment
4912,contradiction
4913,entailment
4914,contradiction
4915,contradiction
4916,entailment
4917,entailment
4918,contradiction
4919,neutral
4920,entailment
4921,neutral
4922,neutral
4923,entailment
4924,entailment
4925,neutral
4926,entailment
4927,entailment
4928,neutral
4929,entailment
4930,contradiction
4931,contradiction
4932,neutral
4933,entailment
4934,entailment
4935,contradiction
4936,contradiction
4937,contradiction
4938,entailment
4939,contradiction
4940,entailment
4941,contradiction
4942,entailment
4943,neutral
4944,entailment
4945,contradiction
4946,contradiction
4947,contradiction
4948,entailment
4949,contradiction
4950,neutral
4951,contradiction
4952,entailment
4953,neutral
4954,contradiction
4955,entailment
4956,neutral
4957,contradiction
4958,neutral
4959,neutral
4960,entailment
4961,neutral
4962,neutral
4963,entailment
4964,contradiction
4965,contradiction
4966,neutral
4967,entailment
4968,contradiction
4969,entailment
4970,entailment
4971,entailment
4972,neutral
4973,neutral
4974,neutral
4975,entailment
4976,entailment
4977,contradiction
4978,entailment
4979,contradiction
4980,contradiction
4981,neutral
4982,entailment
4983,contradiction
4984,neutral
4985,neutral
4986,entailment
4987,neutral
4988,contradiction
4989,contradiction
4990,contradiction
4991,neutral
4992,neutral
4993,contradiction
4994,contradiction
4995,neutral
4996,contradiction
4997,neutral
4998,contradiction
4999,contradiction
